{
    "providers": [
        {
            "type": "bitmap",
            "file": "minecraft:logo/zombie.png",
            "ascent": 8,
            "height": 16,
            "chars": ["ゾ"]
        },
        {
            "type": "bitmap",
            "file": "minecraft:logo/skeleton.png",
            "ascent": 8,
            "height": 16,
            "chars": ["ス"]
        },
        {
            "type": "bitmap",
            "file": "minecraft:logo/spider.png",
            "ascent": 8,
            "height": 16,
            "chars": ["ク"]
        },
        {
            "type": "bitmap",
            "file": "minecraft:logo/pig.png",
            "ascent": 8,
            "height": 16,
            "chars": ["ピ"]
        },
        {
            "type": "bitmap",
            "file": "minecraft:logo/creeper.png",
            "ascent": 8,
            "height": 16,
            "chars": ["ク"]
        },
        {
            "type": "bitmap",
            "file": "minecraft:logo/blaze.png",
            "ascent": 8,
            "height": 16,
            "chars": ["ブ"]
        },
        {
            "type": "bitmap",
            "file": "minecraft:logo/guardian.png",
            "ascent": 8,
            "height": 16,
            "chars": ["ガ"]
        },
        {
            "type": "bitmap",
            "file": "minecraft:logo/snowgolem.png",
            "ascent": 8,
            "height": 16,
            "chars": ["ユ"]
        },
        {
            "type": "bitmap",
            "file": "minecraft:logo/witherskeleton.png",
            "ascent": 8,
            "height": 16,
            "chars": ["ウ"]
        },
        {
            "type": "bitmap",
            "file": "minecraft:logo/bat.png",
            "ascent": 8,
            "height": 16,
            "chars": ["バ"]
        },
        {
            "type": "bitmap",
            "file": "minecraft:logo/wolf.png",
            "ascent": 8,
            "height": 16,
            "chars": ["オ"]
        },
        {
            "type": "bitmap",
            "file": "minecraft:logo/squid.png",
            "ascent": 8,
            "height": 16,
            "chars": ["イ"]
        },
        {
            "type": "bitmap",
            "file": "minecraft:logo/enderman.png",
            "ascent": 8,
            "height": 16,
            "chars": ["エ"]
        },
        {
            "type": "bitmap",
            "file": "minecraft:logo/bee.png",
            "ascent": 8,
            "height": 16,
            "chars": ["ハ"]
        },
        {
            "type": "bitmap",
            "file": "minecraft:logo/horse.png",
            "ascent": 8,
            "height": 16,
            "chars": ["ウ"]
        },
        {
            "type": "bitmap",
            "file": "minecraft:logo/chicken.png",
            "ascent": 8,
            "height": 16,
            "chars": ["ニ"]
        },
        {
            "type": "bitmap",
            "file": "minecraft:logo/ravager.png",
            "ascent": 8,
            "height": 16,
            "chars": ["ラ"]
        },
        {
            "type": "bitmap",
            "file": "minecraft:logo/warden.png",
            "ascent": 8,
            "height": 16,
            "chars": ["ワ"]
        },
        {
            "type": "bitmap",
            "file": "minecraft:logo/witch.png",
            "ascent": 8,
            "height": 16,
            "chars": ["ミ"]
        },
        {
            "type": "bitmap",
            "file": "minecraft:logo/enderdragon.png",
            "ascent": 8,
            "height": 16,
            "chars": ["ド"]
        },
        {
            "type": "bitmap",
            "file": "minecraft:logo/elderguardian.png",
            "ascent": 8,
            "height": 16,
            "chars": ["エ"]
        },
        {
            "type": "bitmap",
            "file": "minecraft:logo/evoker.png",
            "ascent": 8,
            "height": 16,
            "chars": ["ボ"]
        },
        {
            "type": "bitmap",
            "file": "minecraft:logo/frog.png",
            "ascent": 8,
            "height": 16,
            "chars": ["フ"]
        },
        {
            "type": "bitmap",
            "file": "minecraft:logo/irongolem.png",
            "ascent": 8,
            "height": 16,
            "chars": ["ゴ"]
        },
        {
            "type": "bitmap",
            "file": "minecraft:logo/pillager.png",
            "ascent": 8,
            "height": 16,
            "chars": ["ピ"]
        },  
        {
            "type": "bitmap",
            "file": "minecraft:logo/shulker.png",
            "ascent": 8,
            "height": 16,
            "chars": ["シ"]
        },
        {
            "type": "bitmap",
            "file": "minecraft:logo/vindicator.png",
            "ascent": 8,
            "height": 16,
            "chars": ["ビ"]
        }
    ]
}