{
  "parent": "minecraft:item/generated",
  "textures": {
    "layer0": "minecraft:item/paper"
  },
  "overrides": [
    { "predicate": { "custom_model_data": 1001 }, "model": "minecraft:item/token/zombie" },
    { "predicate": { "custom_model_data": 1002 }, "model": "minecraft:item/token/skeleton" },
    { "predicate": { "custom_model_data": 1003 }, "model": "minecraft:item/token/spider" },
    { "predicate": { "custom_model_data": 1004 }, "model": "minecraft:item/token/pig" },
    { "predicate": { "custom_model_data": 1005 }, "model": "minecraft:item/token/creeper" },
    { "predicate": { "custom_model_data": 1006 }, "model": "minecraft:item/token/blaze" },
    { "predicate": { "custom_model_data": 1007 }, "model": "minecraft:item/token/guardian" },
    { "predicate": { "custom_model_data": 1008 }, "model": "minecraft:item/token/snow_golem" },
    { "predicate": { "custom_model_data": 1009 }, "model": "minecraft:item/token/wither_skeleton" },
    { "predicate": { "custom_model_data": 1010 }, "model": "minecraft:item/token/bat" },
    { "predicate": { "custom_model_data": 1011 }, "model": "minecraft:item/token/wolf" },
    { "predicate": { "custom_model_data": 1012 }, "model": "minecraft:item/token/squid" },
    { "predicate": { "custom_model_data": 1013 }, "model": "minecraft:item/token/enderman" },
    { "predicate": { "custom_model_data": 1014 }, "model": "minecraft:item/token/bee" },
    { "predicate": { "custom_model_data": 1015 }, "model": "minecraft:item/token/horse" },
    { "predicate": { "custom_model_data": 1016 }, "model": "minecraft:item/token/chicken" },
    { "predicate": { "custom_model_data": 1017 }, "model": "minecraft:item/token/ravager" },
    { "predicate": { "custom_model_data": 1018 }, "model": "minecraft:item/token/warden" },
    { "predicate": { "custom_model_data": 1019 }, "model": "minecraft:item/token/witch" },
    { "predicate": { "custom_model_data": 1020 }, "model": "minecraft:item/token/ender_dragon" },
    { "predicate": { "custom_model_data": 1021 }, "model": "minecraft:item/token/elderguardian" },
    { "predicate": { "custom_model_data": 1022 }, "model": "minecraft:item/token/evoker" },
    { "predicate": { "custom_model_data": 1023 }, "model": "minecraft:item/token/frog" },
    { "predicate": { "custom_model_data": 1024 }, "model": "minecraft:item/token/irongolem" },
    { "predicate": { "custom_model_data": 1025 }, "model": "minecraft:item/token/pillager" },
    { "predicate": { "custom_model_data": 1026 }, "model": "minecraft:item/token/shulker" },
    { "predicate": { "custom_model_data": 1027 }, "model": "minecraft:item/token/vindicator" },
    { "predicate": { "custom_model_data": 1028 }, "model": "minecraft:item/token/revive" },
    { "predicate": { "custom_model_data": 1029 }, "model": "minecraft:item/token/admin" }
  ]
}
